{
  "ffn_mode": "VFE_dynamic",
  "final_loss": 5.100889306068421,
  "final_ppl": 164.16781616210938,
  "random_ppl": 50257,
  "improvement": 306.13186661612866,
  "total_params": 11057143,
  "vocab_size": 50257,
  "checkpoint": "ablation_results\\rope_base\\rope_base_100\\ffn_VFE_dynamic\\best_model.pt",
  "total_steps": 15000,
  "tokens_seen": 122880000,
  "dataset_tokens": 116840318,
  "dataset_coverage": 1.0516917627697657,
  "batch_size": 64,
  "seq_len": 128,
  "flops_per_step": 83659161600,
  "flops_per_step_str": "83.66 GFLOPs",
  "total_training_flops": 1254887424000000,
  "total_training_flops_str": "1.25 PFLOPs",
  "sweep": "rope_base",
  "label": "rope_base=100",
  "elapsed_sec": 2663.0436367988586,
  "seed": 6
}