{
  "ffn_mode": "VFE_dynamic",
  "final_loss": 5.038231588602066,
  "final_ppl": 154.19705200195312,
  "random_ppl": 50257,
  "improvement": 325.9271130511848,
  "total_params": 11057143,
  "vocab_size": 50257,
  "checkpoint": "ablation_results\\em_mode\\amort+sigma+phi\\ffn_VFE_dynamic\\best_model.pt",
  "total_steps": 15000,
  "tokens_seen": 122880000,
  "dataset_tokens": 116840318,
  "dataset_coverage": 1.0516917627697657,
  "batch_size": 64,
  "seq_len": 128,
  "flops_per_step": 83659161600,
  "flops_per_step_str": "83.66 GFLOPs",
  "total_training_flops": 1254887424000000,
  "total_training_flops_str": "1.25 PFLOPs",
  "sweep": "em_mode",
  "label": "amort+sigma+phi",
  "elapsed_sec": 5385.218815803528,
  "seed": 6
}