{
  "ffn_mode": "VFE_dynamic",
  "final_loss": 5.301947431564331,
  "final_ppl": 200.7273712158203,
  "random_ppl": 50257,
  "improvement": 250.37442425310354,
  "total_params": 13067381,
  "vocab_size": 50257,
  "checkpoint": "ablation_results\\alpha_divergence\\alpha_divergence_0.4\\ffn_VFE_dynamic\\best_model.pt",
  "total_steps": 1500,
  "tokens_seen": 24576000,
  "dataset_tokens": 116840318,
  "dataset_coverage": 0.21033835255395317,
  "batch_size": 256,
  "seq_len": 64,
  "flops_per_step": 137591193600,
  "flops_per_step_str": "137.59 GFLOPs",
  "total_training_flops": 206386790400000,
  "total_training_flops_str": "206.39 TFLOPs",
  "sweep": "alpha_divergence",
  "label": "alpha_divergence=0.4",
  "elapsed_sec": 290.3601517677307,
  "seed": 6
}