{
  "ffn_mode": "VFE_dynamic",
  "pure_fep": false,
  "final_loss": 4.729456520080566,
  "final_ppl": 107.25038146972656,
  "random_ppl": 50257,
  "improvement": 468.59506988500533,
  "total_params": 19600411,
  "vocab_size": 50257,
  "checkpoint": "checkpoints_publication\\ffn_VFE_dynamic\\best_model.pt",
  "total_steps": 25000,
  "tokens_seen": 102400000,
  "dataset_tokens": 116840304,
  "dataset_coverage": 0.8764099073210216,
  "batch_size": 64,
  "seq_len": 64,
  "test_loss": 5.037413286805153,
  "test_ppl": 154.07096174052276,
  "test_bpc": 7.267451167781968,
  "test_improvement": 326.19384881000406
}