{
  "ffn_mode": "VFE_dynamic",
  "pure_fep": false,
  "final_loss": 5.00993537902832,
  "final_ppl": 124.3031005859375,
  "random_ppl": 50257,
  "improvement": 404.31010781790275,
  "total_params": 45834866,
  "vocab_size": 50257,
  "checkpoint": "checkpoints_publication\\ffn_VFE_dynamic\\best_model.pt",
  "total_steps": 70000,
  "tokens_seen": 107520000,
  "dataset_tokens": 116840304,
  "dataset_coverage": 0.9202304026870728,
  "batch_size": 24,
  "seq_len": 64,
  "test_loss": 4.827014940023422,
  "test_ppl": 124.83775572415922,
  "test_bpc": 6.9639105162687285,
  "test_improvement": 402.5785284945972
}