{
  "ffn_mode": "VFE_dynamic",
  "pure_fep": false,
  "final_loss": 4.60843076467514,
  "final_ppl": 91.4923095703125,
  "random_ppl": 50257,
  "improvement": 549.3029986457728,
  "total_params": 58809331,
  "vocab_size": 50257,
  "checkpoint": "checkpoints_publication\\ffn_VFE_dynamic\\best_model.pt",
  "total_steps": 100000,
  "tokens_seen": 102400000,
  "dataset_tokens": 116840304,
  "dataset_coverage": 0.8764099073210216,
  "batch_size": 16,
  "seq_len": 64,
  "test_loss": 4.5061681221723555,
  "test_ppl": 90.5740838739424,
  "test_bpc": 6.50102640326999,
  "test_improvement": 554.8717453211649
}