{
  "ffn_mode": "VFE_dynamic",
  "final_loss": 5.46181655883789,
  "final_ppl": 235.52493286132812,
  "random_ppl": 50257,
  "improvement": 213.38292888757647,
  "total_params": 21108584,
  "vocab_size": 50257,
  "checkpoint": "ablation_results\\alpha_divergence\\alpha_divergence_0.1\\ffn_VFE_dynamic\\best_model.pt",
  "total_steps": 3000,
  "tokens_seen": 24576000,
  "dataset_tokens": 116840318,
  "dataset_coverage": 0.21033835255395317,
  "batch_size": 256,
  "seq_len": 32,
  "flops_per_step": 60380774400,
  "flops_per_step_str": "60.38 GFLOPs",
  "total_training_flops": 181142323200000,
  "total_training_flops_str": "181.14 TFLOPs",
  "sweep": "alpha_divergence",
  "label": "alpha_divergence=0.1",
  "elapsed_sec": 512.2869884967804,
  "seed": 6
}