{
  "ffn_mode": "VFE_dynamic",
  "final_loss": 5.423728084564209,
  "final_ppl": 226.72276306152344,
  "random_ppl": 50257,
  "improvement": 221.66719971722588,
  "total_params": 21108584,
  "vocab_size": 50257,
  "checkpoint": "ablation_results\\mu_init_std\\mu_init_std_3.0\\ffn_VFE_dynamic\\best_model.pt",
  "total_steps": 3000,
  "tokens_seen": 24576000,
  "dataset_tokens": 116840318,
  "dataset_coverage": 0.21033835255395317,
  "batch_size": 256,
  "seq_len": 32,
  "flops_per_step": 60380774400,
  "flops_per_step_str": "60.38 GFLOPs",
  "total_training_flops": 181142323200000,
  "total_training_flops_str": "181.14 TFLOPs",
  "sweep": "mu_init_std",
  "label": "mu_init_std=3.0",
  "elapsed_sec": 486.6226968765259,
  "seed": 6
}