{
  "ffn_mode": "VFE_dynamic",
  "pure_fep": false,
  "final_loss": 6.020082569122314,
  "final_ppl": 407.2159423828125,
  "random_ppl": 50257,
  "improvement": 123.41609148679836,
  "total_params": 1256456,
  "vocab_size": 50257,
  "checkpoint": "checkpoints_publication\\ffn_VFE_dynamic\\best_model.pt",
  "total_steps": 25000,
  "tokens_seen": 102400000,
  "dataset_tokens": 116840304,
  "dataset_coverage": 0.8764099073210216,
  "batch_size": 64,
  "seq_len": 64,
  "test_loss": 6.182429076790809,
  "test_ppl": 484.1666069848265,
  "test_bpc": 8.919359769733832,
  "test_improvement": 103.80104549749551
}