{
  "ffn_mode": "VFE_dynamic",
  "final_loss": 5.278009996414185,
  "final_ppl": 195.97946166992188,
  "random_ppl": 50257,
  "improvement": 256.4401370009133,
  "total_params": 13067381,
  "vocab_size": 50257,
  "checkpoint": "ablation_results\\M_vfe_hyperparam_lr\\M_vfe_hyperparam_lr_0.16\\ffn_VFE_dynamic\\best_model.pt",
  "total_steps": 1500,
  "tokens_seen": 24576000,
  "dataset_tokens": 116840318,
  "dataset_coverage": 0.21033835255395317,
  "batch_size": 256,
  "seq_len": 64,
  "flops_per_step": 137591193600,
  "flops_per_step_str": "137.59 GFLOPs",
  "total_training_flops": 206386790400000,
  "total_training_flops_str": "206.39 TFLOPs",
  "sweep": "M_vfe_hyperparam_lr",
  "label": "M_vfe_hyperparam_lr=0.16",
  "elapsed_sec": 283.86803364753723,
  "seed": 6
}