{
  "ffn_mode": "VFE_dynamic",
  "final_loss": 5.350916891098023,
  "final_ppl": 210.80148315429688,
  "random_ppl": 50257,
  "improvement": 238.40913853160234,
  "total_params": 21108584,
  "vocab_size": 50257,
  "checkpoint": "ablation_results\\rope_base\\rope_base_50\\ffn_VFE_dynamic\\best_model.pt",
  "total_steps": 3000,
  "tokens_seen": 24576000,
  "dataset_tokens": 116840318,
  "dataset_coverage": 0.21033835255395317,
  "batch_size": 256,
  "seq_len": 32,
  "flops_per_step": 60380774400,
  "flops_per_step_str": "60.38 GFLOPs",
  "total_training_flops": 181142323200000,
  "total_training_flops_str": "181.14 TFLOPs",
  "sweep": "rope_base",
  "label": "rope_base=50",
  "elapsed_sec": 519.8836297988892,
  "seed": 6
}