{
  "ffn_mode": "VFE_dynamic",
  "pure_fep": false,
  "final_loss": 6.2113297128677365,
  "final_ppl": 79.48822784423828,
  "random_ppl": 50257,
  "improvement": 632.2571450263234,
  "total_params": 58809349,
  "vocab_size": 50257,
  "checkpoint": "checkpoints_publication\\ffn_VFE_dynamic\\best_model.pt",
  "total_steps": 60000,
  "tokens_seen": 122880000,
  "dataset_tokens": 116840318,
  "dataset_coverage": 1.0516917627697657,
  "batch_size": 16,
  "seq_len": 128,
  "test_loss": 4.315579833030701,
  "test_ppl": 74.85701543280065,
  "test_bpc": 6.226065623673813,
  "test_improvement": 671.3732802387219
}