{
  "ffn_mode": "VFE_dynamic",
  "pure_fep": false,
  "final_loss": 6.067335443496704,
  "final_ppl": 69.26705169677734,
  "random_ppl": 50257,
  "improvement": 725.5541959545856,
  "total_params": 81424993,
  "vocab_size": 50257,
  "checkpoint": "checkpoints_publication\\ffn_VFE_dynamic\\best_model.pt",
  "total_steps": 60000,
  "tokens_seen": 122880000,
  "dataset_tokens": 116840318,
  "dataset_coverage": 1.0516917627697657,
  "batch_size": 16,
  "seq_len": 128,
  "test_loss": 4.271471106290817,
  "test_ppl": 71.62692897717957,
  "test_bpc": 6.162430182346256,
  "test_improvement": 701.6495153102535
}