{
  "ffn_mode": "VFE_dynamic",
  "final_loss": 5.391091938018799,
  "final_ppl": 219.44284057617188,
  "random_ppl": 50257,
  "improvement": 229.02091436678722,
  "total_params": 21108584,
  "vocab_size": 50257,
  "checkpoint": "ablation_results\\phi_scale\\phi_scale_0.5\\ffn_VFE_dynamic\\best_model.pt",
  "total_steps": 3000,
  "tokens_seen": 24576000,
  "dataset_tokens": 116840318,
  "dataset_coverage": 0.21033835255395317,
  "batch_size": 256,
  "seq_len": 32,
  "flops_per_step": 60380774400,
  "flops_per_step_str": "60.38 GFLOPs",
  "total_training_flops": 181142323200000,
  "total_training_flops_str": "181.14 TFLOPs",
  "sweep": "phi_scale",
  "label": "phi_scale=0.5",
  "elapsed_sec": 500.20865201950073,
  "seed": 6
}