{
  "ffn_mode": "VFE_dynamic",
  "final_loss": 5.285751161575317,
  "final_ppl": 197.5025177001953,
  "random_ppl": 50257,
  "improvement": 254.46257893425476,
  "total_params": 13067381,
  "vocab_size": 50257,
  "checkpoint": "ablation_results\\M_phi_lr\\M_phi_lr_0.00275\\ffn_VFE_dynamic\\best_model.pt",
  "total_steps": 1500,
  "tokens_seen": 24576000,
  "dataset_tokens": 116840318,
  "dataset_coverage": 0.21033835255395317,
  "batch_size": 256,
  "seq_len": 64,
  "flops_per_step": 137591193600,
  "flops_per_step_str": "137.59 GFLOPs",
  "total_training_flops": 206386790400000,
  "total_training_flops_str": "206.39 TFLOPs",
  "sweep": "M_phi_lr",
  "label": "M_phi_lr=0.00275",
  "elapsed_sec": 294.04631447792053,
  "seed": 6
}