{
  "ffn_mode": "VFE_dynamic",
  "final_loss": 5.197674541473389,
  "final_ppl": 180.85122680664062,
  "random_ppl": 50257,
  "improvement": 277.89139663250893,
  "total_params": 13067381,
  "vocab_size": 50257,
  "checkpoint": "ablation_results\\M_phi_lr\\M_phi_lr_0.015\\ffn_VFE_dynamic\\best_model.pt",
  "total_steps": 3750,
  "tokens_seen": 61440000,
  "dataset_tokens": 116840318,
  "dataset_coverage": 0.5258458813848829,
  "batch_size": 256,
  "seq_len": 64,
  "flops_per_step": 137591193600,
  "flops_per_step_str": "137.59 GFLOPs",
  "total_training_flops": 515966976000000,
  "total_training_flops_str": "515.97 TFLOPs",
  "sweep": "M_phi_lr",
  "label": "M_phi_lr=0.015",
  "elapsed_sec": 681.9904549121857,
  "seed": 6
}