{
  "ffn_mode": "VFE_dynamic",
  "final_loss": 5.341806259155273,
  "final_ppl": 208.88970947265625,
  "random_ppl": 50257,
  "improvement": 240.59107615628457,
  "total_params": 13067381,
  "vocab_size": 50257,
  "checkpoint": "ablation_results\\M_mu_p_lr\\M_mu_p_lr_0.026\\ffn_VFE_dynamic\\best_model.pt",
  "total_steps": 1500,
  "tokens_seen": 24576000,
  "dataset_tokens": 116840318,
  "dataset_coverage": 0.21033835255395317,
  "batch_size": 256,
  "seq_len": 64,
  "flops_per_step": 137591193600,
  "flops_per_step_str": "137.59 GFLOPs",
  "total_training_flops": 206386790400000,
  "total_training_flops_str": "206.39 TFLOPs",
  "sweep": "M_mu_p_lr",
  "label": "M_mu_p_lr=0.026",
  "elapsed_sec": 286.5788917541504,
  "seed": 6
}