{
  "ffn_mode": "standard",
  "final_loss": 4.963069055080414,
  "final_ppl": 143.03208923339844,
  "random_ppl": 50257,
  "improvement": 351.3687052280352,
  "total_params": 9155970,
  "vocab_size": 50257,
  "checkpoint": "checkpoints_publication\\ffn_standard\\best_model.pt",
  "total_steps": 15000,
  "tokens_seen": 122880000,
  "dataset_tokens": 116840318,
  "dataset_coverage": 1.0516917627697657,
  "batch_size": 64,
  "seq_len": 128,
  "flops_per_step": 228476436480,
  "flops_per_step_str": "228.48 GFLOPs",
  "total_training_flops": 3427146547200000,
  "total_training_flops_str": "3.43 PFLOPs",
  "test_loss": 4.981980291843414,
  "test_ppl": 145.7627488163572,
  "test_bpc": 7.187478260849045,
  "test_improvement": 344.7863079428992
}