{
  "ffn_mode": "VFE_dynamic",
  "pure_fep": false,
  "final_loss": 4.715042400360107,
  "final_ppl": 108.86304473876953,
  "random_ppl": 50257,
  "improvement": 461.6534483359155,
  "total_params": 92473361,
  "vocab_size": 50257,
  "checkpoint": "checkpoints_publication\\ffn_VFE_dynamic\\best_model.pt",
  "total_steps": 150000,
  "tokens_seen": 153600000,
  "dataset_tokens": 116840304,
  "dataset_coverage": 1.3146148609815325,
  "batch_size": 16,
  "seq_len": 64,
  "test_loss": 4.796384805440903,
  "test_ppl": 121.07192681063452,
  "test_bpc": 6.919720573004767,
  "test_improvement": 415.1003566549798
}