{
  "ffn_mode": "VFE_dynamic",
  "final_loss": 5.310585918426514,
  "final_ppl": 202.46884155273438,
  "random_ppl": 50257,
  "improvement": 248.22090952157805,
  "total_params": 13067381,
  "vocab_size": 50257,
  "checkpoint": "ablation_results\\alpha_divergence\\alpha_divergence_0.6\\ffn_VFE_dynamic\\best_model.pt",
  "total_steps": 1500,
  "tokens_seen": 24576000,
  "dataset_tokens": 116840318,
  "dataset_coverage": 0.21033835255395317,
  "batch_size": 256,
  "seq_len": 64,
  "flops_per_step": 137591193600,
  "flops_per_step_str": "137.59 GFLOPs",
  "total_training_flops": 206386790400000,
  "total_training_flops_str": "206.39 TFLOPs",
  "sweep": "alpha_divergence",
  "label": "alpha_divergence=0.6",
  "elapsed_sec": 290.50766158103943,
  "seed": 6
}