{
  "ffn_mode": "standard",
  "final_loss": 6.160972681045532,
  "final_ppl": 473.8887634277344,
  "random_ppl": 50257,
  "improvement": 106.05231412638028,
  "total_params": 1520677,
  "vocab_size": 50257,
  "checkpoint": "checkpoints_publication\\ffn_standard\\best_model.pt",
  "total_steps": 15000,
  "tokens_seen": 122880000,
  "dataset_tokens": 116840318,
  "dataset_coverage": 1.0516917627697657,
  "batch_size": 64,
  "seq_len": 128,
  "flops_per_step": 53800452096,
  "flops_per_step_str": "53.80 GFLOPs",
  "total_training_flops": 807006781440000,
  "total_training_flops_str": "807.01 TFLOPs",
  "test_loss": 6.155994187116623,
  "test_ppl": 471.53540392696294,
  "test_bpc": 8.881222285494438,
  "test_improvement": 106.5816046503783
}