{
  "ffn_mode": "standard",
  "final_loss": 4.917346750497818,
  "final_ppl": 136.63961791992188,
  "random_ppl": 50257,
  "improvement": 367.80694183039424,
  "total_params": 9144450,
  "vocab_size": 50257,
  "checkpoint": "checkpoints_publication\\ffn_standard\\best_model.pt",
  "total_steps": 15000,
  "tokens_seen": 122880000,
  "dataset_tokens": 116840318,
  "dataset_coverage": 1.0516917627697657,
  "batch_size": 64,
  "seq_len": 128,
  "flops_per_step": 228476436480,
  "flops_per_step_str": "228.48 GFLOPs",
  "total_training_flops": 3427146547200000,
  "total_training_flops_str": "3.43 PFLOPs",
  "test_loss": 4.931330679178238,
  "test_ppl": 138.56377364487767,
  "test_bpc": 7.1144063158340485,
  "test_improvement": 362.6994175894968
}