{
  "ffn_mode": "standard",
  "pure_fep": false,
  "final_loss": 4.699498267173767,
  "final_ppl": 109.89201354980469,
  "random_ppl": 50257,
  "improvement": 457.330777520268,
  "total_params": 6003680,
  "vocab_size": 50257,
  "checkpoint": "checkpoints_publication\\ffn_standard\\best_model.pt",
  "total_steps": 15000,
  "tokens_seen": 122880000,
  "dataset_tokens": 116840318,
  "dataset_coverage": 1.0516917627697657,
  "batch_size": 64,
  "seq_len": 128,
  "test_loss": 4.781239683866501,
  "test_ppl": 119.2520933445658,
  "test_bpc": 6.897870781215715,
  "test_improvement": 421.434950033019
}