{
  "ffn_mode": "VFE_dynamic",
  "final_loss": 5.2805705165863035,
  "final_ppl": 196.48193359375,
  "random_ppl": 50257,
  "improvement": 255.784331316244,
  "total_params": 13067381,
  "vocab_size": 50257,
  "checkpoint": "ablation_results\\M_phi_lr\\M_phi_lr_0.003\\ffn_VFE_dynamic\\best_model.pt",
  "total_steps": 1500,
  "tokens_seen": 24576000,
  "dataset_tokens": 116840318,
  "dataset_coverage": 0.21033835255395317,
  "batch_size": 256,
  "seq_len": 64,
  "flops_per_step": 137591193600,
  "flops_per_step_str": "137.59 GFLOPs",
  "total_training_flops": 206386790400000,
  "total_training_flops_str": "206.39 TFLOPs",
  "sweep": "M_phi_lr",
  "label": "M_phi_lr=0.003",
  "elapsed_sec": 286.6059091091156,
  "seed": 6
}