{
  "ffn_mode": "VFE_dynamic",
  "final_loss": 5.372271604537964,
  "final_ppl": 215.3514862060547,
  "random_ppl": 50257,
  "improvement": 233.37196731446102,
  "total_params": 21108584,
  "vocab_size": 50257,
  "checkpoint": "ablation_results\\sigma_ce_scale\\sigma_ce_scale_0.4\\ffn_VFE_dynamic\\best_model.pt",
  "total_steps": 3000,
  "tokens_seen": 24576000,
  "dataset_tokens": 116840318,
  "dataset_coverage": 0.21033835255395317,
  "batch_size": 256,
  "seq_len": 32,
  "flops_per_step": 60380774400,
  "flops_per_step_str": "60.38 GFLOPs",
  "total_training_flops": 181142323200000,
  "total_training_flops_str": "181.14 TFLOPs",
  "sweep": "sigma_ce_scale",
  "label": "sigma_ce_scale=0.4",
  "elapsed_sec": 486.0060601234436,
  "seed": 6
}