{
  "ffn_mode": "standard",
  "pure_fep": false,
  "final_loss": 4.0152238178253175,
  "final_ppl": 55.43571090698242,
  "random_ppl": 50257,
  "improvement": 906.5816813340417,
  "total_params": 17615104,
  "vocab_size": 50257,
  "checkpoint": "checkpoints_publication\\ffn_standard\\best_model.pt",
  "total_steps": 25000,
  "tokens_seen": 102400000,
  "dataset_tokens": 116840304,
  "dataset_coverage": 0.8764099073210216,
  "batch_size": 64,
  "seq_len": 64,
  "test_loss": 4.174084879517555,
  "test_ppl": 64.98034759692324,
  "test_bpc": 6.021931555929584,
  "test_improvement": 773.4184543263297
}