{
  "ffn_mode": "VFE_dynamic",
  "pure_fep": false,
  "final_loss": 4.7918414115905765,
  "final_ppl": 113.92440795898438,
  "random_ppl": 50257,
  "improvement": 441.14339411878944,
  "total_params": 49754611,
  "vocab_size": 50257,
  "checkpoint": "checkpoints_publication\\ffn_VFE_dynamic\\best_model.pt",
  "total_steps": 50000,
  "tokens_seen": 102400000,
  "dataset_tokens": 116840304,
  "dataset_coverage": 0.8764099073210216,
  "batch_size": 32,
  "seq_len": 64,
  "test_loss": 5.022634073734284,
  "test_ppl": 151.81065806584454,
  "test_bpc": 7.246129270376383,
  "test_improvement": 331.05053782325433
}