{
  "ffn_mode": "VFE_dynamic",
  "pure_fep": false,
  "final_loss": 9.031596834659576,
  "final_ppl": 75.82357025146484,
  "random_ppl": 50257,
  "improvement": 662.815003742574,
  "total_params": 58809331,
  "vocab_size": 50257,
  "checkpoint": "checkpoints_publication\\ffn_VFE_dynamic\\best_model.pt",
  "total_steps": 50000,
  "tokens_seen": 102400000,
  "dataset_tokens": 116840304,
  "dataset_coverage": 0.8764099073210216,
  "batch_size": 32,
  "seq_len": 64,
  "test_loss": 4.605199481368065,
  "test_ppl": 100.00292958090877,
  "test_bpc": 6.643898454074134,
  "test_improvement": 502.55527723654205
}