{
  "ffn_mode": "VFE_dynamic",
  "pure_fep": false,
  "final_loss": 5.728853816986084,
  "final_ppl": 220.1974334716797,
  "random_ppl": 50257,
  "improvement": 228.23608435228977,
  "total_params": 13066945,
  "vocab_size": 50257,
  "checkpoint": "checkpoints_publication\\ffn_VFE_dynamic\\best_model.pt",
  "total_steps": 100000,
  "tokens_seen": 102400000,
  "dataset_tokens": 116840304,
  "dataset_coverage": 0.8764099073210216,
  "batch_size": 16,
  "seq_len": 64,
  "test_loss": 5.441201590418816,
  "test_ppl": 230.71924700549397,
  "test_bpc": 7.849994550974366,
  "test_improvement": 217.82751396897226
}