{
  "ffn_mode": "standard",
  "final_loss": 4.9230430841445925,
  "final_ppl": 137.42018127441406,
  "random_ppl": 50257,
  "improvement": 365.7177536365049,
  "total_params": 9090540,
  "vocab_size": 50257,
  "checkpoint": "checkpoints_publication\\ffn_standard\\best_model.pt",
  "total_steps": 15000,
  "tokens_seen": 122880000,
  "dataset_tokens": 116840318,
  "dataset_coverage": 1.0516917627697657,
  "batch_size": 64,
  "seq_len": 128,
  "flops_per_step": 225209548800,
  "flops_per_step_str": "225.21 GFLOPs",
  "total_training_flops": 3378143232000000,
  "total_training_flops_str": "3.38 PFLOPs",
  "test_loss": 4.961313771009445,
  "test_ppl": 142.78125460411002,
  "test_bpc": 7.157662773729449,
  "test_improvement": 351.98598120844173
}