{
  "ffn_mode": "standard",
  "pure_fep": false,
  "final_loss": 6.282408590316773,
  "final_ppl": 535.075927734375,
  "random_ppl": 50257,
  "improvement": 93.9249878289214,
  "total_params": 505160,
  "vocab_size": 50257,
  "checkpoint": "checkpoints_publication\\ffn_standard\\best_model.pt",
  "total_steps": 15000,
  "tokens_seen": 122880000,
  "dataset_tokens": 116840318,
  "dataset_coverage": 1.0516917627697657,
  "batch_size": 64,
  "seq_len": 128,
  "test_loss": 6.306291119813919,
  "test_ppl": 548.0086764792015,
  "test_bpc": 9.098054924957648,
  "test_improvement": 91.70840199627276
}