{
  "ffn_mode": "VFE_dynamic",
  "final_loss": 5.403070707321167,
  "final_ppl": 222.08738708496094,
  "random_ppl": 50257,
  "improvement": 226.29380560352968,
  "total_params": 21108584,
  "vocab_size": 50257,
  "checkpoint": "ablation_results\\sigma_ce_scale\\sigma_ce_scale_0.2\\ffn_VFE_dynamic\\best_model.pt",
  "total_steps": 3000,
  "tokens_seen": 24576000,
  "dataset_tokens": 116840318,
  "dataset_coverage": 0.21033835255395317,
  "batch_size": 256,
  "seq_len": 32,
  "flops_per_step": 60380774400,
  "flops_per_step_str": "60.38 GFLOPs",
  "total_training_flops": 181142323200000,
  "total_training_flops_str": "181.14 TFLOPs",
  "sweep": "sigma_ce_scale",
  "label": "sigma_ce_scale=0.2",
  "elapsed_sec": 486.15673995018005,
  "seed": 6
}