{
  "ffn_mode": "VFE_dynamic",
  "pure_fep": false,
  "final_loss": 4.895734691619873,
  "final_ppl": 125.0909423828125,
  "random_ppl": 50257,
  "improvement": 401.76370121347264,
  "total_params": 49754853,
  "vocab_size": 50257,
  "checkpoint": "checkpoints_publication\\ffn_VFE_dynamic\\best_model.pt",
  "total_steps": 50000,
  "tokens_seen": 76800000,
  "dataset_tokens": 116840304,
  "dataset_coverage": 0.6573074304907662,
  "batch_size": 24,
  "seq_len": 64,
  "test_loss": 4.907566645065943,
  "test_ppl": 135.3097568197862,
  "test_bpc": 7.080122061668724,
  "test_improvement": 371.42184851411224
}