{
  "ffn_mode": "VFE_dynamic",
  "final_loss": 5.08713757276535,
  "final_ppl": 161.92572021484375,
  "random_ppl": 50257,
  "improvement": 310.37070536613203,
  "total_params": 13067381,
  "vocab_size": 50257,
  "checkpoint": "checkpoints_publication\\ffn_VFE_dynamic\\best_model.pt",
  "total_steps": 15000,
  "tokens_seen": 122880000,
  "dataset_tokens": 116840318,
  "dataset_coverage": 1.0516917627697657,
  "batch_size": 64,
  "seq_len": 128,
  "flops_per_step": 82676121600,
  "flops_per_step_str": "82.68 GFLOPs",
  "total_training_flops": 1240141824000000,
  "total_training_flops_str": "1.24 PFLOPs",
  "test_loss": 4.998196475625038,
  "test_ppl": 148.1457335792828,
  "test_bpc": 7.2108732687729375,
  "test_improvement": 339.24027905335583
}