{
  "ffn_mode": "VFE_dynamic",
  "final_loss": 5.360366163253784,
  "final_ppl": 212.80288696289062,
  "random_ppl": 50257,
  "improvement": 236.16690881061217,
  "total_params": 21108584,
  "vocab_size": 50257,
  "checkpoint": "ablation_results\\sigma_ce_scale\\sigma_ce_scale_0.8\\ffn_VFE_dynamic\\best_model.pt",
  "total_steps": 3000,
  "tokens_seen": 24576000,
  "dataset_tokens": 116840318,
  "dataset_coverage": 0.21033835255395317,
  "batch_size": 256,
  "seq_len": 32,
  "flops_per_step": 60380774400,
  "flops_per_step_str": "60.38 GFLOPs",
  "total_training_flops": 181142323200000,
  "total_training_flops_str": "181.14 TFLOPs",
  "sweep": "sigma_ce_scale",
  "label": "sigma_ce_scale=0.8",
  "elapsed_sec": 498.5537760257721,
  "seed": 6
}