{
  "ffn_mode": "VFE_dynamic",
  "pure_fep": false,
  "final_loss": 5.045599937438965,
  "final_ppl": 147.72702026367188,
  "random_ppl": 50257,
  "improvement": 340.2018121688121,
  "total_params": 19600413,
  "vocab_size": 50257,
  "checkpoint": "checkpoints_publication\\ffn_VFE_dynamic\\best_model.pt",
  "total_steps": 75000,
  "tokens_seen": 115200000,
  "dataset_tokens": 116840304,
  "dataset_coverage": 0.9859611457361495,
  "batch_size": 24,
  "seq_len": 64,
  "test_loss": 4.962113545735677,
  "test_ppl": 142.89549311937134,
  "test_bpc": 7.158816604760811,
  "test_improvement": 351.704584258767
}